,GEOID,StateName,CountyName,StrongExpansionDecline,TotPop16,Pop16share,LowIncShar,LowIncSh_1,ChngMidHi,ChngExPov,ChngPov,ChngLowInc,ChngAsn,ChngBlk,ChngHisp,ChngWht,ChngColGra,ChngNoColl,ChngU18,ChngA18t34,Chng35t64,ChngeA65,ChngUSbrn,ChngForBrn,ChngOwn,ChngRent,ChngVac,bins2
1,11001000100,District of Columbia,District of Columbia,0,5005,1.070817287,0.129653402,0.087715777,477,-9,-78,-169,18,-166,278,183,90,-277,388,104,-279,118,148,183,-168,-102,279,No Gentrification
2,11001000201,District of Columbia,District of Columbia,0,3733,0.836995516,0.711442786,0.662650602,-30,-35,-88,-88,271,29,309,-1447,-73,-40,45,-662,-51,-59,-1196,469,-17,-10,0,No Gentrification
3,11001000202,District of Columbia,District of Columbia,0,4417,1.145190563,0.293233083,0.251194156,-61,-74,-203,-237,87,294,127,-33,54,-235,65,388,-135,242,292,268,-20,-309,136,No Gentrification
4,11001000300,District of Columbia,District of Columbia,0,6139,1.067652174,0.212347826,0.209806157,322,21,173,67,30,284,-29,169,277,-216,390,-423,266,156,444,-55,-115,-119,-20,No Gentrification
5,11001000400,District of Columbia,District of Columbia,0,1607,1.070619587,0.059960027,0.138490331,-30,80,121,132,118,-1,250,-258,25,40,74,-16,-57,105,49,57,-34,9,32,No Gentrification
6,11001000501,District of Columbia,District of Columbia,0,3481,1.254866619,0.121084798,0.129877694,687,27,101,129,-91,-42,290,453,645,-105,235,-76,329,219,734,-27,36,163,96,No Gentrification
7,11001000502,District of Columbia,District of Columbia,0,3045,0.994448073,0.124428478,0.057471264,189,-34,-67,-206,79,-18,206,-248,69,-186,102,91,-385,175,-40,23,-66,-95,177,No Gentrification
8,11001000600,District of Columbia,District of Columbia,0,4848,0.975649024,0.089277389,0.076190476,361,-23,65,-31,45,-330,446,-279,600,-727,111,-125,37,-144,-226,105,270,-267,103,No Gentrification
9,11001000701,District of Columbia,District of Columbia,0,5325,1.211604096,0.163822526,0.178779343,698,237,385,232,-37,195,-192,747,1102,-378,181,-40,329,460,796,134,241,214,97,No Gentrification
10,11001000702,District of Columbia,District of Columbia,0,3356,1.022547227,0.270262035,0.230929678,186,-60,-200,-112,79,47,-1,-26,123,176,23,-44,47,48,179,-105,68,-223,244,No Gentrification
11,11001000801,District of Columbia,District of Columbia,0,6740,1.00282696,0.122677824,0.15530303,110,351,326,251,-20,188,105,-278,154,-341,361,-450,-38,146,356,-337,340,-737,-48,No Gentrification
12,11001000802,District of Columbia,District of Columbia,0,3213,1.145046329,0.180327869,0.212262683,231,215,152,176,67,134,264,-105,150,73,210,-105,93,209,482,-75,122,-128,22,No Gentrification
13,11001000901,District of Columbia,District of Columbia,0,7698,1.067091766,0.084862385,0.125053169,523,269,292,255,205,143,595,-360,232,34,310,-242,-134,550,-366,850,-16,133,25,No Gentrification
14,11001000902,District of Columbia,District of Columbia,0,2467,1.254194204,0.07981698,0.076205918,469,2,-5,31,43,29,253,122,275,-6,262,-201,321,118,268,232,84,-45,-5,No Gentrification
15,11001001001,District of Columbia,District of Columbia,0,7923,1.306994391,0.087924777,0.070841487,1593,143,91,10,187,36,564,631,955,-234,808,98,593,362,1389,472,187,88,-50,No Gentrification
16,11001001002,District of Columbia,District of Columbia,0,3761,1.085425685,0.285383502,0.370911991,-103,293,374,409,12,-35,139,293,-400,108,249,9,101,-63,684,-388,157,-463,157,No Gentrification
17,11001001100,District of Columbia,District of Columbia,0,5016,1.132791328,0.047607769,0.060753341,617,80,153,99,62,206,189,180,657,-234,226,-42,40,364,643,-55,112,172,121,No Gentrification
18,11001001200,District of Columbia,District of Columbia,0,4950,1.019357496,0.133855025,0.108686869,206,-38,-169,-112,-119,-9,71,14,200,-102,191,-154,-2,59,115,-21,-42,-13,74,No Gentrification
19,11001001301,District of Columbia,District of Columbia,-284,3831,1.022417934,0.154849226,0.076757917,329,-139,-129,-284,-85,205,27,-30,373,-330,90,36,-221,179,274,-190,29,-157,71,Little Gentrification
20,11001001302,District of Columbia,District of Columbia,0,7366,1.16,0.101593311,0.150149335,565,332,535,462,447,369,276,-51,803,-138,108,913,-359,354,593,423,-95,-15,285,No Gentrification
21,11001001401,District of Columbia,District of Columbia,0,3340,1.06031746,0.065396825,0.110778443,26,145,156,164,-42,118,54,2,347,-297,146,58,-123,109,190,0,43,-48,11,No Gentrification
22,11001001402,District of Columbia,District of Columbia,0,3250,0.828025478,0.190247506,0.150434243,547,-59,-110,-30,94,-276,218,-810,307,-1291,285,16,-220,-756,-659,-16,-20,325,-18,No Gentrification
23,11001001500,District of Columbia,District of Columbia,0,6268,1.109576916,0.067074267,0.060102091,520,133,118,-8,-51,125,128,457,440,-480,549,-145,24,191,619,0,-181,-12,82,No Gentrification
24,11001001600,District of Columbia,District of Columbia,0,4455,1.105459057,0.06246864,0.056535504,435,-27,-16,1,-16,36,94,396,283,-118,230,73,90,32,418,7,-9,-74,103,No Gentrification
25,11001001702,District of Columbia,District of Columbia,-9,3039,1.404993065,0.208506704,0.146795085,857,83,58,-9,35,-308,379,786,949,-85,35,275,459,107,558,318,149,256,-50,Little Gentrification
26,11001001803,District of Columbia,District of Columbia,0,4059,1.323874755,0.28962818,0.453067258,42,-21,363,951,-26,279,531,74,352,220,385,207,410,-9,92,901,-51,125,57,No Gentrification
27,11001001804,District of Columbia,District of Columbia,0,5682,1.367179981,0.387151107,0.442768412,593,302,431,886,53,679,775,125,373,592,436,396,728,-34,473,1053,-102,433,-39,No Gentrification
28,11001001901,District of Columbia,District of Columbia,381,3981,1.002265861,0.193147208,0.286862597,-340,104,-11,381,161,-842,370,365,539,-564,37,229,-101,-156,-65,74,-225,122,129,Little Decline
29,11001001902,District of Columbia,District of Columbia,0,2343,1.149092692,0.169200589,0.216146946,141,-46,47,161,-3,-244,417,93,190,109,49,132,170,-47,155,149,-18,18,10,No Gentrification
30,11001002001,District of Columbia,District of Columbia,0,2959,1.190265487,0.333333333,0.369043596,225,-63,-134,271,21,-310,416,269,384,-23,129,39,110,195,120,353,189,-216,-37,No Gentrification
31,11001002002,District of Columbia,District of Columbia,0,3934,1.054691689,0.247349823,0.304603581,-50,80,163,281,52,-504,201,435,573,-294,59,141,78,-74,115,89,-25,115,16,No Gentrification
32,11001002101,District of Columbia,District of Columbia,-652,5660,1.081597554,0.415906887,0.26360424,1157,-261,-526,-652,176,-800,822,316,521,28,-102,192,385,-48,-598,1025,346,-193,11,Gentrification
33,11001002102,District of Columbia,District of Columbia,0,5076,1.096091557,0.228206792,0.21743467,355,161,286,35,34,-556,513,409,1189,-468,-44,272,458,-241,-74,519,75,41,-9,No Gentrification
34,11001002201,District of Columbia,District of Columbia,-281,3641,1.038801712,0.342767296,0.25542571,377,42,-165,-281,47,-481,91,514,638,-404,-179,491,-10,-166,127,9,-43,29,-15,Little Gentrification
35,11001002202,District of Columbia,District of Columbia,0,3845,1.276136741,0.331333333,0.409362809,265,243,355,580,92,-417,880,223,465,53,218,796,-37,-145,219,613,-46,73,27,No Gentrification
36,11001002301,District of Columbia,District of Columbia,-419,3379,1.128967591,0.337910248,0.175022249,804,-169,-246,-419,43,-664,302,597,784,-358,-55,184,385,-128,156,230,86,38,-23,Little Gentrification
37,11001002302,District of Columbia,District of Columbia,0,1722,1.278396437,0.301056338,0.292615597,231,70,60,82,88,-120,-95,456,411,118,-48,134,-173,462,423,-48,-9,202,214,No Gentrification
38,11001002400,District of Columbia,District of Columbia,-230,4298,1.200558659,0.344605925,0.235390753,913,-140,-163,-230,84,-867,458,925,1296,-434,-261,718,398,-137,348,370,83,43,-6,Little Gentrification
39,11001002501,District of Columbia,District of Columbia,0,2986,1.253042384,0.286857624,0.324387789,321,71,243,286,-27,-235,333,525,417,152,60,297,180,66,473,130,-33,242,-50,No Gentrification
40,11001002502,District of Columbia,District of Columbia,-875,6042,1.101348888,0.439685155,0.252730884,1454,-226,-315,-875,140,-837,184,972,1483,-340,-268,356,600,-132,977,-421,174,373,10,Gentrification
41,11001002600,District of Columbia,District of Columbia,0,2627,1.197902417,0.117647059,0.074285714,495,-71,-97,-63,48,-346,187,478,450,-200,140,130,233,-69,319,115,22,-2,36,No Gentrification
42,11001002701,District of Columbia,District of Columbia,0,5856,1.01985371,0.358517719,0.318309859,306,-40,60,-185,-191,-580,413,664,1067,-851,324,-520,264,46,387,-273,18,112,-7,No Gentrification
43,11001002702,District of Columbia,District of Columbia,-303,6376,1.053536021,0.366490416,0.300675145,620,-118,-477,-303,-197,-617,-357,1509,1298,-795,-10,155,204,-25,1253,-929,160,-319,-57,Little Gentrification
44,11001002801,District of Columbia,District of Columbia,-534,3882,1.069716175,0.544823758,0.370495204,788,-418,-315,-534,112,-272,-69,603,671,-212,-165,298,81,39,257,-4,61,192,12,Gentrification
45,11001002802,District of Columbia,District of Columbia,-719,4514,0.960425532,0.589422866,0.43867083,646,-98,-447,-719,-34,-353,-460,724,1244,-871,-202,484,-522,54,674,-860,178,81,-63,Gentrification
46,11001002900,District of Columbia,District of Columbia,-612,4352,1.038911435,0.405431387,0.247924354,787,-206,-499,-612,95,-1047,-458,1601,1735,-1071,-455,916,-131,-167,376,-213,115,42,-82,Gentrification
47,11001003000,District of Columbia,District of Columbia,-331,3356,1.211989888,0.597009482,0.390433483,934,-187,-224,-331,51,-140,-451,1147,1422,-501,-419,681,86,239,834,-247,217,198,-32,Little Gentrification
48,11001003100,District of Columbia,District of Columbia,-316,3176,1.128241563,0.454285714,0.301007557,692,-88,-5,-316,240,-1043,179,970,1131,-533,-150,510,93,-92,289,72,186,87,-51,Little Gentrification
49,11001003200,District of Columbia,District of Columbia,-313,5078,1.133482143,0.440840975,0.327344521,907,-329,-421,-313,215,-1062,600,1062,1014,-153,-414,963,33,16,318,280,-18,122,48,Little Gentrification
50,11001003301,District of Columbia,District of Columbia,-409,3922,1.477212806,0.412433662,0.173125956,1693,-238,-324,-409,99,-584,183,1504,1853,-475,-175,1009,468,-35,1179,88,352,184,-37,Little Gentrification
51,11001003302,District of Columbia,District of Columbia,-139,2213,1.175876727,0.297225187,0.188883868,478,-3,-16,-139,100,-790,90,884,1021,-606,-137,579,-51,-60,141,190,92,134,-46,Little Gentrification
52,11001003400,District of Columbia,District of Columbia,-311,4723,1.11155566,0.552882621,0.37795858,604,-163,-464,-311,65,-1091,352,1134,899,-443,-88,456,156,-50,519,-45,109,-4,-21,Little Gentrification
53,11001003500,District of Columbia,District of Columbia,-318,5440,1.555174385,0.637904468,0.332374101,1151,-95,-63,-318,253,981,-225,935,995,-96,-116,1820,233,5,1677,265,277,83,-112,Little Gentrification
54,11001003600,District of Columbia,District of Columbia,-383,5123,1.308556833,0.572269123,0.362605124,1587,-64,-375,-383,316,-737,-118,1675,2058,-673,-361,1325,457,-213,1476,-268,402,119,-136,Little Gentrification
55,11001003700,District of Columbia,District of Columbia,-372,5859,1.174148297,0.599818923,0.40802436,1537,-419,-630,-372,244,-808,-321,1740,1919,-397,-202,521,414,136,1157,-288,400,357,-64,Little Gentrification
56,11001003800,District of Columbia,District of Columbia,-525,5038,1.06782535,0.383638321,0.249503771,918,-227,-521,-525,116,-839,-331,1237,1706,-680,-349,151,317,201,545,-225,301,-19,31,Gentrification
57,11001003900,District of Columbia,District of Columbia,0,4479,0.96467801,0.233160622,0.141765895,268,62,46,-449,-11,-388,-431,724,1002,-641,-166,-196,6,192,177,-341,-11,-191,172,No Gentrification
58,11001004001,District of Columbia,District of Columbia,0,4310,1.293905734,0.116405308,0.130871699,789,5,-20,174,-23,65,347,543,878,-130,256,358,202,163,1100,-121,-98,2,129,No Gentrification
59,11001004002,District of Columbia,District of Columbia,0,3137,1.061949898,0.165876777,0.138826547,222,-49,-19,-57,-43,-166,-116,505,552,-357,-8,-145,287,49,155,28,81,-40,51,No Gentrification
60,11001004100,District of Columbia,District of Columbia,0,2749,1.090440301,0.095993653,0.082211713,244,2,81,-16,2,24,48,76,321,-238,178,-263,93,220,142,86,4,-125,125,No Gentrification
61,11001004201,District of Columbia,District of Columbia,-339,3709,1.104197678,0.194403096,0.084658938,689,-49,-142,-339,54,-140,-158,618,726,-339,-41,427,-44,8,376,-26,57,-67,-81,Little Gentrification
62,11001004202,District of Columbia,District of Columbia,0,2492,0.848196052,0.209373931,0.104210088,-162,-15,-49,-362,-58,-142,28,-180,-56,-297,-18,76,-551,47,-209,-237,-36,-239,103,No Gentrification
63,11001004300,District of Columbia,District of Columbia,-404,3918,1.142607174,0.358413532,0.210566616,893,22,-278,-404,20,-279,-157,919,1269,-697,-81,166,356,48,510,-21,324,-50,33,Little Gentrification
64,11001004400,District of Columbia,District of Columbia,-3,5551,2.265714286,0.384328358,0.166666667,3135,52,271,-3,236,-512,-109,3226,3450,-429,-24,1782,1195,148,2459,642,927,713,-264,Little Gentrification
65,11001004600,District of Columbia,District of Columbia,-666,2833,0.945278612,0.445637584,0.23367455,519,-283,-288,-666,110,-1232,34,926,791,-493,-403,439,-185,-15,-140,-24,41,148,-109,Gentrification
66,11001004701,District of Columbia,District of Columbia,0,4854,1.965978129,0.713381173,0.573341574,1392,296,330,1093,393,1004,288,653,1129,693,258,1322,781,78,1956,430,225,1211,202,No Gentrification
67,11001004702,District of Columbia,District of Columbia,-604,2875,1.502875065,0.724369748,0.262676325,1442,-81,-306,-604,88,-670,184,1311,1591,-413,-340,1130,239,-121,743,218,312,482,15,Gentrification
68,11001004801,District of Columbia,District of Columbia,-279,2560,1.414364641,0.4852532,0.232366771,1034,-178,-277,-279,68,-331,-4,944,1120,-415,-40,652,113,25,764,-14,115,172,-26,Little Gentrification
69,11001004802,District of Columbia,District of Columbia,-188,3540,1.21274409,0.475138122,0.338365138,803,-142,204,-188,47,-458,188,809,1178,-183,-300,646,247,28,463,158,123,457,-12,Little Gentrification
70,11001004901,District of Columbia,District of Columbia,-130,2826,1.388697789,0.540652512,0.325035562,1011,-89,-166,-130,134,-562,439,736,1015,-212,-51,710,112,20,391,400,26,345,-37,Little Gentrification
71,11001004902,District of Columbia,District of Columbia,0,3155,1.393551237,0.507181329,0.363866878,909,2,78,18,278,-659,131,1064,1303,-25,-209,668,426,6,719,172,344,90,-19,No Gentrification
72,11001005001,District of Columbia,District of Columbia,-253,2076,1.304020101,0.318467337,0.123121667,724,-47,-112,-253,-17,-506,255,704,807,-244,4,210,215,55,236,248,152,68,-28,Little Gentrification
73,11001005002,District of Columbia,District of Columbia,-1373,5971,1.050123109,0.503623829,0.247194775,1687,-482,-970,-1373,172,-755,-596,1263,2022,-925,-272,328,387,-158,1068,-783,188,469,-81,Extreme Gentrification
74,11001005201,District of Columbia,District of Columbia,-863,6205,1.361044089,0.362114537,0.125866237,2528,-87,-355,-863,234,-782,180,1995,2175,-242,-219,1774,169,-78,1485,161,632,283,257,Gentrification
75,11001005301,District of Columbia,District of Columbia,0,4990,0.989098117,0.171769384,0.150814398,57,84,27,-114,119,-115,-19,70,598,-605,174,45,-345,71,217,-272,59,-388,107,No Gentrification
76,11001005500,District of Columbia,District of Columbia,0,6780,1.443781942,0.199867345,0.223464543,1451,343,635,555,278,27,315,1411,1865,-199,201,985,591,307,1625,459,376,616,243,No Gentrification
77,11001005600,District of Columbia,District of Columbia,0,6684,1.122606651,0.357423085,0.336083284,268,-178,59,-20,141,87,514,-156,795,-448,65,760,-18,-77,95,635,-32,-182,226,No Gentrification
78,11001005800,District of Columbia,District of Columbia,-95,2769,1.947257384,0.444444444,0.193932828,1442,146,-25,-95,1,6,118,1161,1514,-221,33,509,773,32,1313,34,444,461,369,Little Gentrification
79,11001005900,District of Columbia,District of Columbia,-406,2760,1.383458647,0.613569322,0.259304703,1156,-33,-205,-406,324,-1160,136,1333,1217,-802,-143,1243,-242,-93,446,319,163,511,173,Little Gentrification
80,11001006202,District of Columbia,District of Columbia,0,65,0,0,0,65,0,0,0,0,0,0,65,39,0,0,65,0,0,65,0,0,39,0,No Gentrification
81,11001006400,District of Columbia,District of Columbia,0,2455,1.139211137,0.706293706,0.660692464,203,77,189,107,23,93,28,151,251,-68,17,413,85,-172,316,-15,19,125,73,No Gentrification
82,11001006500,District of Columbia,District of Columbia,0,2569,1.02025417,0.10802224,0.146886016,-68,60,165,103,-55,54,186,-164,118,-94,60,133,-187,45,-13,64,-105,-164,142,No Gentrification
83,11001006600,District of Columbia,District of Columbia,0,2027,1.164273406,0.098793797,0.083498024,286,-51,-20,-3,32,-22,57,147,86,56,220,-231,61,236,161,125,36,-151,69,No Gentrification
84,11001006700,District of Columbia,District of Columbia,0,4184,1.180920124,0.088907705,0.074496481,586,38,31,-8,39,-204,77,710,792,-347,170,-118,227,362,643,-2,49,-124,30,No Gentrification
85,11001006801,District of Columbia,District of Columbia,-423,2142,1.034282955,0.405590976,0.193857965,468,-157,-282,-423,72,-789,10,756,731,-363,-302,334,86,-47,-2,73,22,-18,-109,Little Gentrification
86,11001006802,District of Columbia,District of Columbia,-240,2488,1.226219813,0.305569246,0.152733119,699,-159,-238,-240,30,-768,68,992,973,-783,221,248,120,-130,439,20,222,-65,-59,Little Gentrification
87,11001006804,District of Columbia,District of Columbia,82,2803,1.062144752,0.189003436,0.6492891,-162,69,99,82,-24,118,115,-63,-123,561,-133,-39,338,32,38,127,-39,-118,0,Little Decline
88,11001006900,District of Columbia,District of Columbia,-232,2220,1.229916898,0.252077562,0.10045045,647,-24,-250,-232,0,-490,16,909,709,-326,95,14,332,-26,358,57,170,83,32,Little Gentrification
89,11001007000,District of Columbia,District of Columbia,-172,2834,1.323062558,0.190732759,0.079754601,598,-58,-145,-172,-43,-221,290,470,538,-212,125,483,-53,137,587,105,-21,136,-3,Little Gentrification
90,11001007100,District of Columbia,District of Columbia,0,3349,1.204676259,0.618738739,0.518662287,554,-187,22,20,50,-477,-24,994,951,-134,-203,686,35,51,601,-32,154,116,-42,No Gentrification
91,11001007200,District of Columbia,District of Columbia,-473,4664,2.51699946,0.769230769,0.20785777,3183,-409,-601,-473,166,-531,247,2828,3049,-308,-249,2199,813,48,2575,236,499,1095,67,Little Gentrification
92,11001007301,District of Columbia,District of Columbia,0,4680,0.90051953,0.262070465,0.235146022,-355,14,28,-271,-98,-444,63,-130,326,-665,-159,-99,-210,-7,-415,-102,-42,-97,143,No Gentrification
93,11001007304,District of Columbia,District of Columbia,0,3427,0.735407725,0.658794422,0.527093596,19,-522,-743,-1217,-40,-1323,22,109,95,-228,-1151,-96,-77,91,-1215,-18,-107,-173,75,No Gentrification
94,11001007401,District of Columbia,District of Columbia,0,2314,0.772879092,0.81997328,0.865051903,-227,-312,-265,-455,12,-671,20,-39,72,-139,-497,14,-145,11,-659,-20,2,15,125,No Gentrification
95,11001007403,District of Columbia,District of Columbia,0,3192,1.385416667,0.506151142,0.673245614,-81,276,663,997,0,838,56,45,132,526,182,214,485,7,749,139,-56,283,-104,No Gentrification
96,11001007404,District of Columbia,District of Columbia,-261,3785,1.140747438,0.759975816,0.595244386,738,-554,-684,-261,7,215,150,26,235,175,-167,202,367,65,412,55,255,-15,-148,Little Gentrification
97,11001007406,District of Columbia,District of Columbia,-447,2954,0.938373571,0.798276412,0.696507291,263,-310,-317,-447,0,-456,219,3,32,198,-462,205,44,19,-295,101,13,-51,168,Little Gentrification
98,11001007407,District of Columbia,District of Columbia,0,2901,1.183115824,0.472636816,0.497391304,173,129,95,290,-24,383,36,24,236,184,105,111,192,41,417,32,217,163,-46,No Gentrification
99,11001007408,District of Columbia,District of Columbia,0,3607,1.659153634,0.731002331,0.769719251,112,436,478,735,0,1218,46,52,9,1004,166,463,769,35,1399,34,-72,405,-44,No Gentrification
100,11001007409,District of Columbia,District of Columbia,0,3894,1.133294529,0.578425656,0.578068824,197,-257,-220,267,32,375,64,20,140,336,-80,200,354,-16,318,140,6,152,54,No Gentrification
101,11001007502,District of Columbia,District of Columbia,0,5164,1.223406776,0.637351529,0.69664293,56,583,658,902,-17,946,-2,18,269,343,154,98,410,281,934,9,61,169,65,No Gentrification
102,11001007503,District of Columbia,District of Columbia,104,2648,0.981104113,0.565765098,0.615936556,-155,-401,194,104,6,-94,-1,68,212,-281,-45,165,-168,-3,-68,17,25,25,28,Little Decline
103,11001007504,District of Columbia,District of Columbia,0,2903,1.335326587,0.646675965,0.639168111,281,163,419,453,-6,797,0,-41,91,382,117,268,415,-71,709,20,61,196,-9,No Gentrification
104,11001007601,District of Columbia,District of Columbia,0,4909,1.073709536,0.393171806,0.466352072,-154,-127,89,488,-10,138,63,229,347,64,-61,107,183,108,341,-4,-76,228,57,No Gentrification
105,11001007603,District of Columbia,District of Columbia,569,4034,0.946726121,0.252699784,0.4020823,-702,433,424,569,30,-390,248,1,-76,117,-109,-410,138,154,-172,-55,-206,178,209,Decline
106,11001007604,District of Columbia,District of Columbia,529,4012,1.065887354,0.285219707,0.398803589,-272,377,485,529,0,-19,125,7,227,12,3,347,-61,-41,192,56,-87,149,89,Decline
107,11001007605,District of Columbia,District of Columbia,644,3993,1.073098629,0.335412148,0.471783296,-345,50,612,644,142,-236,187,106,221,15,-66,151,58,129,32,240,-77,2,132,Decline
108,11001007703,District of Columbia,District of Columbia,1835,5521,1.19631636,0.529360592,0.773229487,-912,74,831,1835,26,846,165,-25,-97,566,346,262,197,101,779,127,5,399,70,Extreme Decline
109,11001007707,District of Columbia,District of Columbia,1002,4507,1.187302424,0.355182521,0.533470414,-378,458,782,1002,-15,672,67,-27,80,79,354,332,22,3,749,-38,-216,277,86,Extreme Decline
110,11001007708,District of Columbia,District of Columbia,0,3012,1.134890731,0.448902347,0.524900398,-25,15,270,395,0,402,0,0,-12,184,-45,149,192,62,365,-7,-26,53,38,No Gentrification
111,11001007709,District of Columbia,District of Columbia,511,2275,1.120137863,0.31309109,0.503089144,-254,16,350,511,0,73,100,-13,140,168,-93,134,88,115,184,60,-156,241,-14,Decline
112,11001007803,District of Columbia,District of Columbia,0,3707,1.198900388,0.439428386,0.448661933,293,-28,48,290,-5,247,286,24,178,122,106,307,134,68,372,243,27,306,-93,No Gentrification
113,11001007804,District of Columbia,District of Columbia,-256,3547,1.046312684,0.553582957,0.462294043,314,-321,-242,-256,0,-7,160,-19,52,214,-135,185,137,-30,-42,199,-17,75,29,Little Gentrification
114,11001007806,District of Columbia,District of Columbia,378,2078,0.988112221,0.371959943,0.562682216,-417,-14,238,378,-12,-60,-10,54,-31,-40,-14,-24,-10,23,-55,30,-164,160,45,Little Decline
115,11001007807,District of Columbia,District of Columbia,0,2317,1.19371458,0.405461103,0.376673866,289,24,32,85,10,308,76,9,137,217,-29,150,272,-17,261,115,25,123,-46,No Gentrification
116,11001007808,District of Columbia,District of Columbia,-703,3847,0.935554475,0.608684925,0.458539121,497,-587,-420,-703,9,-362,143,-30,337,-291,-483,268,-100,50,-815,550,112,-148,-55,Gentrification
117,11001007809,District of Columbia,District of Columbia,0,3074,1.197506817,0.415270744,0.458020255,158,56,246,336,22,439,37,-3,139,92,220,353,-84,18,457,50,31,104,5,No Gentrification
118,11001007901,District of Columbia,District of Columbia,-610,3897,1.058967391,0.581702948,0.386755991,862,-181,-298,-610,1,-758,68,817,797,-251,-324,359,311,-129,231,-14,16,66,50,Gentrification
119,11001007903,District of Columbia,District of Columbia,0,1907,1.039237057,0.313351499,0.300529101,62,-11,13,-7,28,-429,71,338,381,-394,13,163,-27,-111,50,21,47,-47,-30,No Gentrification
120,11001008001,District of Columbia,District of Columbia,-592,3162,1.193207547,0.32480916,0.083226221,1084,-238,-267,-592,121,-1326,61,1581,1422,-849,-58,571,130,-131,365,147,98,56,-68,Gentrification
121,11001008002,District of Columbia,District of Columbia,-213,3437,1.109783662,0.205682919,0.123723373,543,-96,-207,-213,72,-998,118,1182,1027,-691,86,81,169,4,234,106,282,-255,-85,Little Gentrification
122,11001008100,District of Columbia,District of Columbia,0,3237,1.314784728,0.138728324,0.110800745,779,-32,-77,21,-9,-481,171,1060,805,-173,279,85,280,131,816,-41,120,5,23,No Gentrification
123,11001008200,District of Columbia,District of Columbia,0,3006,1.182068423,0.104207629,0.105357785,210,138,116,28,86,13,161,163,166,-110,153,235,12,63,319,144,51,-162,-38,No Gentrification
124,11001008301,District of Columbia,District of Columbia,-247,2419,1.046733016,0.167459974,0.05959983,285,32,-119,-247,50,-606,104,485,477,-386,-21,253,-126,2,56,52,-87,-65,38,Little Gentrification
125,11001008302,District of Columbia,District of Columbia,0,2446,1.322162162,0.158318941,0.129830656,542,31,31,24,58,-202,30,678,566,-230,197,311,42,46,539,57,55,47,-11,No Gentrification
126,11001008402,District of Columbia,District of Columbia,-566,2129,0.967727273,0.42576519,0.173377546,488,-265,-286,-566,-21,-984,65,821,796,-624,-177,113,23,-30,-10,-61,153,-71,-66,Gentrification
127,11001008410,District of Columbia,District of Columbia,-440,1454,1.006228374,0.448377581,0.116585704,525,-56,-155,-440,47,-641,-6,631,644,-486,-182,346,-83,-72,-13,22,-48,81,-96,Little Gentrification
128,11001008701,District of Columbia,District of Columbia,-435,2642,1.07093636,0.392229039,0.198936978,624,-22,-185,-435,95,-904,168,827,745,-289,-343,512,133,-127,-36,211,1,238,-1,Little Gentrification
129,11001008702,District of Columbia,District of Columbia,0,2026,1.086909871,0.431425486,0.404244817,154,-111,49,20,37,-354,159,314,616,-237,-250,356,102,-46,-106,268,123,-12,-44,No Gentrification
130,11001008802,District of Columbia,District of Columbia,-221,4897,1.203785644,0.503607863,0.369013508,1088,-10,-107,-221,81,-328,11,940,1093,-53,-238,680,408,-21,626,203,182,85,-171,Little Gentrification
131,11001008803,District of Columbia,District of Columbia,0,2344,1.208247423,0.751792115,0.703776042,178,234,303,242,33,262,148,-76,160,88,28,125,297,-46,195,209,23,120,-81,No Gentrification
132,11001008804,District of Columbia,District of Columbia,-219,2500,1.065189604,0.539879931,0.419524002,366,-20,-8,-219,109,-384,165,223,452,-109,-195,333,106,-91,-37,190,98,10,-50,Little Gentrification
133,11001008903,District of Columbia,District of Columbia,0,3448,1.440869202,0.486814567,0.547515257,331,-93,380,721,84,303,392,289,455,137,348,513,190,4,757,298,-8,426,-195,No Gentrification
134,11001008904,District of Columbia,District of Columbia,-225,3338,1.055994938,0.584522677,0.48472139,410,-379,-272,-225,14,-471,333,188,375,231,-393,279,391,-100,-303,480,0,247,-33,Little Gentrification
135,11001009000,District of Columbia,District of Columbia,0,3045,1.292993631,0.429299363,0.352380952,628,84,21,62,7,501,76,120,459,156,128,14,440,108,532,158,379,-37,45,No Gentrification
136,11001009102,District of Columbia,District of Columbia,0,5264,1.196363636,0.47061634,0.493153327,412,59,347,587,65,106,170,487,593,-195,235,622,179,-172,465,399,-3,445,-49,No Gentrification
137,11001009201,District of Columbia,District of Columbia,0,2844,2.131934033,0.393656716,0.433466135,772,209,254,666,63,261,191,846,953,-16,258,760,482,10,1355,155,164,239,17,No Gentrification
138,11001009203,District of Columbia,District of Columbia,-497,2686,0.954852471,0.366868112,0.200224551,356,-124,-368,-497,0,-792,121,439,607,-574,-31,-54,100,-142,-232,105,30,-154,175,Little Gentrification
139,11001009204,District of Columbia,District of Columbia,0,2851,1.17956144,0.537856847,0.507541214,287,113,334,147,18,27,119,233,230,214,26,331,21,56,95,339,38,173,-139,No Gentrification
140,11001009301,District of Columbia,District of Columbia,-115,3518,1.100406631,0.292106104,0.227117681,504,-179,-171,-115,56,-258,44,468,771,-258,30,45,138,108,326,-5,88,37,-24,Little Gentrification
141,11001009302,District of Columbia,District of Columbia,0,1043,0.796791444,0.307455803,0.207094919,-74,-49,-61,-184,4,-689,117,293,248,-288,-176,58,-60,-88,-378,112,10,8,-29,No Gentrification
142,11001009400,District of Columbia,District of Columbia,0,5293,1.270523284,0.178949904,0.241568776,594,125,250,532,21,337,238,614,442,253,283,180,785,-121,793,334,12,1,59,No Gentrification
143,11001009501,District of Columbia,District of Columbia,0,7625,1.448518237,0.37083452,0.512600438,460,447,447,1505,71,658,1673,52,221,670,939,1279,137,6,873,1488,-19,160,-116,No Gentrification
144,11001009503,District of Columbia,District of Columbia,-179,3437,1.121004566,0.17982018,0.107472462,535,-60,-18,-179,34,80,47,214,513,-328,122,168,237,-156,388,-17,-56,119,15,Little Gentrification
145,11001009504,District of Columbia,District of Columbia,-507,3318,0.929411765,0.304522924,0.156733619,316,-79,-174,-507,4,-738,231,275,507,-338,-341,50,-206,245,-197,-55,69,-82,34,Gentrification
146,11001009505,District of Columbia,District of Columbia,438,2579,1.050937245,0.172472387,0.328916602,-226,29,108,438,47,-272,245,146,285,-340,224,189,-165,-123,-138,263,-121,57,189,Little Decline
147,11001009507,District of Columbia,District of Columbia,-80,1777,1.128970775,0.348329049,0.259988745,301,-7,51,-80,0,59,256,-10,42,-95,67,265,-42,-87,49,154,-47,-26,19,Little Gentrification
148,11001009508,District of Columbia,District of Columbia,0,3688,1.328051855,0.136118113,0.244034707,389,125,256,522,43,-49,647,276,615,96,156,481,331,-57,198,713,-27,337,78,No Gentrification
149,11001009509,District of Columbia,District of Columbia,0,3309,1.125510204,0.155897436,0.229072227,82,-61,-43,302,-11,-257,372,193,461,-328,228,283,-129,-13,230,139,-33,84,53,No Gentrification
150,11001009601,District of Columbia,District of Columbia,226,2383,1.00379107,0.463517503,0.561916879,-239,31,334,226,-29,43,-4,12,24,142,-288,215,77,5,16,-7,-1,129,-68,Little Decline
151,11001009602,District of Columbia,District of Columbia,914,3673,1.194471545,0.611074919,0.75959706,-311,111,589,914,0,472,100,7,-30,396,37,388,176,-3,574,24,-30,322,31,Decline
152,11001009603,District of Columbia,District of Columbia,0,3514,1.087925697,0.363550816,0.457762557,-129,-169,-157,445,-12,197,96,-3,-32,44,23,267,161,-167,182,102,-103,114,38,No Gentrification
153,11001009604,District of Columbia,District of Columbia,0,2123,1.064694082,0.296389168,0.263507109,151,-104,-54,-35,-9,74,36,30,193,45,-43,56,43,73,108,21,-85,154,-15,No Gentrification
154,11001009700,District of Columbia,District of Columbia,0,3434,1.49499347,0.515454941,0.550160866,425,263,743,697,0,1220,-88,13,178,624,202,390,291,254,1135,2,42,315,-4,No Gentrification
155,11001009801,District of Columbia,District of Columbia,-7,2373,1.131077216,0.729326923,0.652549697,241,-165,18,-7,0,76,29,31,147,150,10,102,4,159,87,188,39,123,-53,Little Gentrification
156,11001009802,District of Columbia,District of Columbia,0,1757,0.976653696,0.6517106,0.630620376,28,-37,56,-54,-20,-86,67,8,103,-34,-143,22,138,-59,-100,58,24,53,67,No Gentrification
157,11001009803,District of Columbia,District of Columbia,674,2786,1.239875389,0.55352364,0.687365398,-130,304,571,674,-6,655,-16,-58,-30,407,150,133,60,196,532,7,-57,283,30,Decline
158,11001009804,District of Columbia,District of Columbia,-33,2834,1.109197652,0.64,0.564220183,317,-176,114,-33,7,-84,241,15,78,197,-98,96,198,83,176,103,29,106,13,Little Gentrification
159,11001009807,District of Columbia,District of Columbia,0,2871,0.885564466,0.411386298,0.395132427,-140,-9,91,-175,-40,-196,-3,-4,152,-352,-271,-111,-69,80,-403,32,-23,7,221,No Gentrification
160,11001009810,District of Columbia,District of Columbia,0,2658,1.014503817,0.702119461,0.658591976,129,-8,-38,-82,-27,44,-24,-13,49,220,-124,99,65,30,98,-59,45,68,-260,No Gentrification
161,11001009811,District of Columbia,District of Columbia,0,5091,1.529747596,0.589673913,0.633667256,506,-84,512,1273,-23,1685,-16,-21,85,1060,195,753,676,107,1789,-27,27,530,-60,No Gentrification
162,11001009901,District of Columbia,District of Columbia,0,2718,1.18173913,0.120434783,0.184326711,194,37,99,224,0,413,14,-14,334,-103,121,69,157,71,428,-10,-79,78,37,No Gentrification
163,11001009902,District of Columbia,District of Columbia,0,2964,1.017857143,0.299793956,0.306073974,6,23,42,29,19,136,-25,-36,54,-40,-36,308,-142,-78,42,10,-94,3,152,No Gentrification
164,11001009903,District of Columbia,District of Columbia,-575,1854,0.856746765,0.64232902,0.439590076,265,-468,-552,-575,-14,-404,-2,51,168,-170,-315,116,141,-252,-437,127,69,-242,-331,Gentrification
165,11001009904,District of Columbia,District of Columbia,0,2596,1.417804478,0.535973229,0.537772586,355,377,350,420,-32,592,94,54,213,30,315,273,225,-48,743,22,226,21,174,No Gentrification
166,11001009905,District of Columbia,District of Columbia,-160,2897,1.080566953,0.572928384,0.478488982,352,47,-186,-160,0,128,86,2,191,87,-213,199,203,27,116,100,94,-21,52,Little Gentrification
167,11001009906,District of Columbia,District of Columbia,0,1463,0.965039578,0.496701847,0.442241969,53,-134,-116,-106,7,-90,20,22,102,-3,-109,81,-4,-21,-87,34,15,-30,-115,No Gentrification
168,11001009907,District of Columbia,District of Columbia,0,2942,0.95148771,0.601552393,0.595513256,-42,73,-279,-108,-13,-205,76,-6,140,-56,-337,146,199,-158,-175,25,-171,291,-72,No Gentrification
169,11001010100,District of Columbia,District of Columbia,0,2647,1.662688442,0.318151815,0.19992266,1036,59,109,35,193,-5,45,815,1011,-63,26,286,651,92,744,311,314,410,61,No Gentrification
170,11001010200,District of Columbia,District of Columbia,-318,2552,1.080440305,0.215071973,0.07495069,491,-60,-143,-318,56,-303,104,240,368,-127,44,116,-61,91,132,58,-6,-273,13,Little Gentrification
171,11001010300,District of Columbia,District of Columbia,21,3265,0.892076503,0.292371706,0.352690289,-578,156,171,21,37,-686,308,-31,130,-196,-8,-332,-80,25,-422,27,31,-39,46,Little Decline
172,11001010400,District of Columbia,District of Columbia,0,4726,1.183867735,0.434298441,0.494301,142,-32,271,565,0,616,107,61,307,22,184,290,92,118,702,31,-19,284,-239,No Gentrification
173,11001010500,District of Columbia,District of Columbia,-610,3520,1.028638223,0.388077148,0.203977273,708,-219,-179,-610,264,-865,78,807,933,-517,-302,174,71,155,43,55,546,-164,18,Gentrification
174,11001010600,District of Columbia,District of Columbia,-173,6449,1.955427532,0.479684657,0.218483486,3324,220,151,-173,362,-1439,207,3841,3835,-796,-384,3258,481,-204,2821,330,-2,1839,66,Little Gentrification
175,11001010700,District of Columbia,District of Columbia,0,1721,1.083071114,0.259786477,0.341036852,15,181,135,181,-43,24,20,165,209,-54,-23,347,-232,40,217,-85,-100,108,-3,No Gentrification
176,11001010800,District of Columbia,District of Columbia,0,6398,1.491375291,0.656660413,0.585724283,43,-198,-141,-213,109,561,265,951,81,-60,65,1985,49,9,1539,569,-77,-223,120,No Gentrification
177,11001010900,District of Columbia,District of Columbia,0,4309,1.497740702,0.585391304,0.713316171,33,543,919,1365,15,1366,44,0,227,218,454,487,389,47,1329,103,-49,157,-11,No Gentrification
178,11001011000,District of Columbia,District of Columbia,0,3660,0.953125,0.258684211,0.15037594,234,-297,-352,-443,62,-1243,-45,1155,781,-755,-315,429,-491,154,-233,52,31,-123,-10,No Gentrification
179,11001011100,District of Columbia,District of Columbia,0,5525,1.144603273,0.346113335,0.400227402,61,-59,193,469,108,154,54,313,552,-51,122,400,243,-67,381,317,-58,68,46,No Gentrification
